"1","James Ruse Agricultural High School","73.1 %","165","1058","773","b'Govt. selective'","b'Metro'"
"2","Baulkham Hills High School","62.3 %","204","1231","767","b'Govt. selective'","b'Metro'"
"3","North Sydney Boys High School","59.2 %","160","981","581","b'Govt. selective'","b'Metro'"
"4","North Sydney Girls High School","52.4 %","156","957","501","b'Govt. selective'","b'Metro'"
"5","Hornsby Girls High School","51.5 %","122","732","377","b'Govt. selective'","b'Metro'"
"6","Sydney Grammar School","50.4 %","185","1203","606","b'Non-government'","b'Metro'"
"7","Sydney Boys High School","49.8 %","209","1249","622","b'Govt. selective'","b'Metro'"
"8","Reddam House","49.4 %","94","502","248","b'Non-government'","b'Metro'"
"9","Northern Beaches Secondary College Manly Campus","48.9 %","140","814","398","b'Government'","b'Metro'"
"10","Conservatorium High School","46.5 %","27","187","87","b'Government'","b'Metro'"
"11","Normanhurst Boys High School","45.7 %","121","749","342","b'Govt. selective'","b'Metro'"
"12","SCEGGS Darlinghurst","45.3 %","106","633","287","b'Non-government'","b'Metro'"
"13","Sydney Girls High School","43.4 %","172","1077","467","b'Govt. selective'","b'Metro'"
"14","Abbotsleigh","43.2 %","152","966","417","b'Non-government'","b'Metro'"
"15","Wenona School","43.1 %","113","662","285","b'Non-government'","b'Metro'"
"16","Kambala","43.0 %","67","402","173","b'Non-government'","b'Metro'"
"17","St George Girls High School","41.6 %","158","902","375","b'Govt. selective'","b'Metro'"
"18","Ascham School","40.1 %","97","526","211","b'Non-government'","b'Metro'"
"19","Queenwood School for Girls","39.0 %","85","495","193","b'Non-government'","b'Metro'"
"20","Girraween High School","38.0 %","140","823","313","b'Govt. selective'","b'Metro'"
"21","Fort Street High School","37.6 %","172","1068","401","b'Govt. selective'","b'Metro'"
"22","Meriden School","37.1 %","110","620","230","b'Non-government'","b'Metro'"
"23","St Aloysius' College","36.8 %","158","938","345","b'Non-government'","b'Metro'"
"24","Kincoppal - Rose Bay School of the Sacred Heart","36.6 %","85","549","201","b'Non-government'","b'Metro'"
"25","Loreto Kirribilli","35.7 %","133","830","296","b'Non-government'","b'Metro'"
"26","SHORE - Sydney Church of England Grammar School","35.3 %","209","1146","404","b'Non-government'","b'Metro'"
"27","Moriah College","34.0 %","129","709","241","b'Non-government'","b'Metro'"
"28","Knox Grammar School","32.7 %","285","1536","502","b'Non-government'","b'Metro'"
"29","Caringbah High School","32.6 %","154","864","282","b'Govt. selective'","b'Metro'"
"30","The King's School","32.4 %","206","1148","372","b'Non-government'","b'Metro'"
"31","Pymble Ladies' College","32.2 %","262","1536","494","b'Non-government'","b'Metro'"
"32","Penrith High School","32.1 %","156","959","308","b'Govt. selective'","b'Metro'"
"33","Barker College","30.8 %","320","1795","553","b'Non-government'","b'Metro'"
"34","Hurlstone Agricultural High School","30.2 %","169","963","291","b'Govt. selective'","b'Metro'"
"35","Sydney Technical High School","29.0 %","163","901","261","b'Govt. selective'","b'Metro'"
"36","Presbyterian Ladies' College Sydney","29.0 %","116","670","194","b'Non-government'","b'Metro'"
"37","Merewether High School","28.7 %","172","1070","307","b'Govt. selective'","b'Metro'"
"38","Emanuel School","28.5 %","65","358","102","b'Non-government'","b'Metro'"
"39","Ravenswood School for Girls","28.3 %","106","572","162","b'Non-government'","b'Metro'"
"40","Roseville College","27.3 %","85","476","130","b'Non-government'","b'Metro'"
"41","Alpha Omega Senior College","27.2 %","73","415","113","b'Non-government'","b'Metro'"
"42","Al-Faisal College","27.0 %","78","389","105","b'Non-government'","b'Metro'"
"43","Tara Anglican School for Girls","26.4 %","67","383","101","b'Non-government'","b'Metro'"
"44","Loreto Normanhurst","26.3 %","144","875","230","b'Non-government'","b'Metro'"
"45","Tangara School for Girls","25.9 %","25","135","35","b'Non-government'","b'Metro'"
"46","St Catherine's School","25.9 %","109","657","170","b'Non-government'","b'Metro'"
"47","Santa Sabina College","25.3 %","129","783","198","b'Non-government'","b'Metro'"
"48","St Ignatius' College","25.0 %","231","1403","351","b'Non-government'","b'Metro'"
"49","Gosford High School","24.9 %","180","1003","250","b'Govt. selective'","b'Country'"
"50","Brigidine College St Ives","24.8 %","169","912","226","b'Non-government'","b'Metro'"
"51","Frensham School","24.5 %","56","318","78","b'Non-government'","b'Country'"
"52","Parramatta Marist High School","24.4 %","137","757","185","b'Non-government'","b'Metro'"
"53","Sefton High School","24.3 %","150","827","201","b'Govt. selective'","b'Metro'"
"54","Cheltenham Girls High School","24.3 %","194","1017","247","b'Government'","b'Metro'"
"55","Australian International School Hong Kong","23.7 %","39","228","54","b'\xc2\xa0'","b'\xc2\xa0'"
"56","Cranbrook School","23.5 %","157","967","227","b'Non-government'","b'Metro'"
"57","Brigidine College Randwick","23.2 %","128","746","173","b'Non-government'","b'Metro'"
"58","St Luke's Grammar School","22.9 %","95","534","122","b'Non-government'","b'Metro'"
"59","Cherrybrook Technology High School","22.8 %","341","1852","423","b'Government'","b'Metro'"
"60","Redfield College","22.5 %","42","213","48","b'Non-government'","b'Metro'"
"61","Smiths Hill High School","22.3 %","119","727","162","b'Govt. selective'","b'Metro'"
"62","Killara High School","22.2 %","286","1549","344","b'Government'","b'Metro'"
"63","Northern Beaches Secondary College Balgowlah Boys Campus","22.2 %","55","289","64","b'Government'","b'Metro'"
"64","Oxley College","21.8 %","39","252","55","b'Non-government'","b'Country'"
"65","Newcastle Grammar School","21.6 %","88","509","110","b'Non-government'","b'Country'"
"66","Willoughby Girls High School","21.4 %","148","766","164","b'Govt. selective'","b'Metro'"
"67","Mercy Catholic College","21.3 %","81","464","99","b'Non-government'","b'Metro'"
"68","MLC School","21.3 %","85","451","96","b'Non-government'","b'Metro'"
"69","Danebank - An Anglican School For Girls","20.0 %","93","589","118","b'Non-government'","b'Metro'"
"70","Macquarie Grammar School","20.0 %","9","45","9","b'Non-government'","b'Metro'"
"71","Freeman Catholic College","19.9 %","176","1096","218","b'Non-government'","b'Metro'"
"72","Central Coast Grammar School","19.7 %","106","600","118","b'Non-government'","b'Metro'"
"73","The Hills Grammar School","19.6 %","77","439","86","b'Non-government'","b'Metro'"
"74","Monte Sant' Angelo Mercy College","19.6 %","132","751","147","b'Non-government'","b'Metro'"
"75","Chatswood High School","19.4 %","177","935","181","b'Govt. selective'","b'Metro'"
"76","Masada College","19.2 %","39","208","40","b'Non-government'","b'Metro'"
"77","St Ursula's College","19.2 %","151","834","160","b'Non-government'","b'Metro'"
"78","Malek Fahd Islamic School","18.4 %","113","499","92","b'Non-government'","b'Metro'"
"79","Mount St Patrick College","18.3 %","87","530","97","b'Non-government'","b'Country'"
"80","The Scots College","18.2 %","208","1222","222","b'Non-government'","b'Metro'"
"81","St Vincent's College","18.1 %","85","515","93","b'Non-government'","b'Metro'"
"82","Macquarie Fields High School","17.8 %","146","854","152","b'Govt. selective'","b'Metro'"
"83","St Columba Anglican School","17.8 %","65","366","65","b'Non-government'","b'Country'"
"84","Newtown High School of Performing Arts","17.6 %","184","979","172","b'Government'","b'Metro'"
"85","Ryde Secondary College","17.5 %","128","702","123","b'Govt. selective'","b'Metro'"
"86","Blue Mountains Grammar School","17.2 %","68","360","62","b'Non-government'","b'Metro'"
"87","Carlingford High School","17.2 %","171","866","149","b'Government'","b'Metro'"
"88","Mount St Benedict College","17.1 %","148","792","135","b'Non-government'","b'Metro'"
"89","Newington College","17.0 %","175","1003","170","b'Non-government'","b'Metro'"
"90","St Joseph's College (Hunters Hill)","16.9 %","192","1096","185","b'Non-government'","b'Metro'"
"91","Marist Catholic College Penshurst","16.9 %","88","516","87","b'Non-government'","b'Metro'"
"92","St Patrick's College (Strathfield)","16.7 %","174","1043","174","b'Non-government'","b'Metro'"
"93","Northern Beaches Secondary College Mackellar Girls Campus","16.6 %","143","788","131","b'Government'","b'Metro'"
"94","IPEKA Integrated Christian School","16.4 %","52","299","49","b'Non-government'","b'\xc2\xa0'"
"95","Macarthur Anglican School","16.3 %","60","343","56","b'Non-government'","b'Metro'"
"96","International Grammar School","16.3 %","109","613","100","b'Non-government'","b'Metro'"
"97","St Augustine's College Sydney","16.3 %","136","773","126","b'Non-government'","b'Metro'"
"98","The McDonald College","16.2 %","19","105","17","b'Non-government'","b'Metro'"
"99","Parramatta High School","16.2 %","144","779","126","b'Govt. selective'","b'Metro'"
"100","Our Lady of Mercy College Parramatta","16.1 %","134","820","132","b'Non-government'","b'Metro'"
"101","Canberra Grammar School","15.9 %","120","673","107","b'Non-government'","b'Metro'"
"102","Strathfield Girls High School","15.8 %","198","1048","166","b'Government'","b'Metro'"
"103","St Scholastica's College Glebe Point","15.8 %","149","848","134","b'Non-government'","b'Metro'"
"104","Covenant Christian School","15.7 %","76","407","64","b'Non-government'","b'Metro'"
"105","Castle Hill High School","15.6 %","200","1093","170","b'Government'","b'Metro'"
"106","Trinity Grammar School","15.5 %","120","703","109","b'Non-government'","b'Metro'"
"107","Oxford Falls Grammar School","14.6 %","94","472","69","b'Non-government'","b'Metro'"
"108","Kinross Wolaroi School","14.6 %","125","727","106","b'Non-government'","b'Country'"
"109","Rose Bay Secondary College","14.4 %","145","790","114","b'Government'","b'Metro'"
"110","Pittwater House Schools","14.4 %","53","278","40","b'Non-government'","b'Metro'"
"111","St Mary's Cathedral College","14.1 %","104","562","79","b'Non-government'","b'Metro'"
"112","Burwood Girls High School","14.0 %","215","1172","164","b'Government'","b'Metro'"
"113","Marist Sisters' College Woolwich","13.7 %","148","847","116","b'Non-government'","b'Metro'"
"114","Catherine McAuley Westmead","13.5 %","138","852","115","b'Non-government'","b'Metro'"
"115","Stella Maris College","13.5 %","129","691","93","b'Non-government'","b'Metro'"
"116","Arden Anglican School","13.4 %","66","358","48","b'Non-government'","b'Metro'"
"117","Bethany College","13.4 %","152","821","110","b'Non-government'","b'Metro'"
"118","Epping Boys High School","13.2 %","182","995","131","b'Government'","b'Metro'"
"119","Inaburra School","13.1 %","102","565","74","b'Non-government'","b'Metro'"
"120","Asquith Girls High School","12.9 %","158","785","101","b'Government'","b'Metro'"
"121","Sydney Secondary College Blackwattle Bay Campus","12.7 %","267","1336","170","b'Government'","b'Metro'"
"122","St Catherine's Catholic College (Singleton)","12.7 %","45","252","32","b'Non-government'","b'Country'"
"123","Marist College Kogarah","12.7 %","122","672","85","b'Non-government'","b'Metro'"
"124","St Marys Senior High School","12.5 %","438","2273","284","b'Government'","b'Metro'"
"125","Calrossy Anglican School","12.2 %","79","443","54","b'Non-government'","b'Country'"
"126","Waverley College","12.0 %","126","716","86","b'Non-government'","b'Metro'"
"127","Mount St Joseph Milperra","12.0 %","126","736","88","b'Non-government'","b'Metro'"
"128","St Patrick's College Sutherland","11.9 %","160","968","115","b'Non-government'","b'Metro'"
"129","Moorebank High School","11.9 %","130","708","84","b'Govt. selective'","b'Metro'"
"130","Penrith Anglican College","11.8 %","85","448","53","b'Non-government'","b'Metro'"
"131","Pacific Hills Christian School","11.8 %","113","638","75","b'Non-government'","b'Metro'"
"131","St John Bosco College","11.8 %","86","510","60","b'Non-government'","b'Metro'"
"131","Turramurra High School","11.8 %","184","986","116","b'Government'","b'Metro'"
"134","Red Bend Catholic College","11.8 %","79","468","55","b'Non-government'","b'Country'"
"135","Edmund Rice College","11.7 %","86","571","67","b'Non-government'","b'Metro'"
"135","The Scots School Albury","11.7 %","55","307","36","b'Non-government'","b'Country'"
"137","Thomas Hassall Anglican College","11.6 %","97","534","62","b'Non-government'","b'Metro'"
"138","Lambton High School","11.5 %","129","668","77","b'Government'","b'Country'"
"138","St Andrew's Cathedral School (Sydney)","11.5 %","121","668","77","b'Non-government'","b'Metro'"
"140","Georges River Grammar","11.5 %","68","382","44","b'Non-government'","b'Metro'"
"141","Cronulla High School","11.4 %","82","439","50","b'Government'","b'Metro'"
"142","Marcellin College","11.3 %","134","776","88","b'Non-government'","b'Metro'"
"143","Arndell Anglican College (Oakville)","11.3 %","76","434","49","b'Non-government'","b'Metro'"
"144","Clancy Catholic College","11.2 %","116","735","82","b'Non-government'","b'Metro'"
"144","Macquarie College","11.2 %","46","251","28","b'Non-government'","b'Metro'"
"146","Marist College North Shore","11.1 %","116","674","75","b'Non-government'","b'Metro'"
"147","Killarney Heights High School","11.1 %","125","632","70","b'Government'","b'Metro'"
"148","Riverside Girls High School","11.1 %","122","606","67","b'Government'","b'Metro'"
"149","Asquith Boys High School","11.0 %","65","356","39","b'Government'","b'Metro'"
"150","St Patrick's Marist College","10.9 %","130","761","83","b'Non-government'","b'Metro'"
"151","Wollongong High School of the Performing Arts","10.9 %","128","698","76","b'Government'","b'Metro'"
"152","St Mark's Coptic Orthodox College","10.9 %","57","294","32","b'Non-government'","b'Metro'"
"153","SCECGS Redlands","10.9 %","64","359","39","b'Non-government'","b'Metro'"
"154","Australian International School Singapore","10.8 %","69","381","41","b'Non-government'","b'Metro'"
"155","McAuley Catholic College","10.7 %","53","299","32","b'Non-government'","b'Metro'"
"155","Mosman High School","10.7 %","130","682","73","b'Government'","b'Metro'"
"157","Model Farms High School","10.7 %","111","665","71","b'Government'","b'Metro'"
"158","Northern Beaches Secondary College Freshwater Senior Campus","10.7 %","285","1390","148","b'Government'","b'Metro'"
"159","St Ives High School","10.4 %","139","728","76","b'Government'","b'Metro'"
"160","Hunter Valley Grammar School","10.4 %","96","548","57","b'Non-government'","b'Metro'"
"161","St Mary Star of the Sea College","10.3 %","180","1008","104","b'Non-government'","b'Metro'"
"162","St Pius X College","10.3 %","152","917","94","b'Non-government'","b'Metro'"
"163","Northern Beaches Christian School","10.2 %","78","411","42","b'Non-government'","b'Metro'"
"164","Bethlehem College","10.2 %","120","657","67","b'Non-government'","b'Metro'"
"164","St Francis De Sales Regional College","10.2 %","79","510","52","b'Non-government'","b'Metro'"
"166","Pennant Hills High School","10.1 %","146","822","83","b'Government'","b'Metro'"
"167","Sapphire Coast Anglican College,Bega,NSW,2550","10.1 %","21","109","11","b'Non-government'","b'Country'"
"168","St George Christian School","10.0 %","70","370","37","b'Non-government'","b'Metro'"
"169","William Branwhite Clarke College","10.0 %","149","861","86","b'Non-government'","b'Metro'"
"170","James Sheahan Catholic High School","10.0 %","137","773","77","b'Non-government'","b'Country'"
"171","Pittwater High School","9.8 %","85","498","49","b'Government'","b'Metro'"
"172","Trinity Catholic College (Auburn)","9.8 %","167","946","93","b'Non-government'","b'Metro'"
"173","Marist College Eastwood","9.8 %","96","602","59","b'Non-government'","b'Metro'"
"174","St Clare's College","9.8 %","65","337","33","b'Non-government'","b'Metro'"
"175","De La Salle Catholic College,Cronulla,NSW,2230","9.7 %","193","1068","104","b'Non-government'","b'Metro'"
"176","Engadine High School","9.7 %","127","683","66","b'Government'","b'Metro'"
"177","Sutherland Shire Christian School","9.6 %","64","374","36","b'Non-government'","b'Metro'"
"178","Rosebank College","9.6 %","178","967","93","b'Non-government'","b'Metro'"
"179","De La Salle College,Revesby Heights,NSW,2212","9.6 %","69","398","38","b'Non-government'","b'Metro'"
"180","Alexandria Park Community School","9.5 %","43","242","23","b'Govt. selective'","b'Metro'"
"181","St John's College,Woodlawn,NSW,2480","9.4 %","97","552","52","b'Non-government'","b'Country'"
"182","Marian Catholic College (Kenthurst)","9.4 %","123","660","62","b'Non-government'","b'Metro'"
"183","Port Hacking High School","9.4 %","135","770","72","b'Government'","b'Metro'"
"184","Hunters Hill High School","9.3 %","78","429","40","b'Government'","b'Metro'"
"185","Domremy Catholic College","9.3 %","73","419","39","b'Non-government'","b'Metro'"
"186","Macarthur Girls High School","9.3 %","166","906","84","b'Government'","b'Metro'"
"187","Mater Maria Catholic College","9.3 %","152","842","78","b'Non-government'","b'Metro'"
"188","St John's College,Dubbo","9.3 %","123","703","65","b'Non-government'","b'Country'"
"189","St Columba's Catholic College","9.2 %","131","741","68","b'Non-government'","b'Metro'"
"190","Tempe High School","9.2 %","134","753","69","b'Govt. selective'","b'Metro'"
"191","MacKillop College Port Macquarie","9.1 %","122","714","65","b'Non-government'","b'Country'"
"192","St Joseph's Regional College","9.1 %","106","607","55","b'Non-government'","b'Country'"
"193","Cerdon College","9.0 %","173","1011","91","b'Non-government'","b'Metro'"
"193","Oakhill College Castle Hill","9.0 %","326","1978","178","b'Non-government'","b'Metro'"
"195","East Hills Girls Technology High School","8.9 %","134","716","64","b'Government'","b'Metro'"
"196","Trinity Catholic College (Lismore)","8.9 %","145","840","75","b'Non-government'","b'Country'"
"197","St Joseph's Catholic College","8.9 %","142","766","68","b'Non-government'","b'Metro'"
"198","Galston High School","8.9 %","56","327","29","b'Government'","b'Metro'"
"199","St Spyridon College","8.8 %","59","317","28","b'Non-government'","b'Metro'"
"200","Canley Vale High School","8.8 %","206","1189","104","b'Government'","b'Metro'"
"201","St Clare's High School","8.7 %","72","437","38","b'Non-government'","b'Metro'"
"202","St Euphemia College","8.7 %","79","439","38","b'Non-government'","b'Metro'"
"203","Our Lady of The Sacred Heart College (Kensington)","8.6 %","137","757","65","b'Non-government'","b'Metro'"
"204","Bonnyrigg High School","8.6 %","138","769","66","b'Govt. selective'","b'Metro'"
"205","Davidson High School","8.6 %","97","503","43","b'Government'","b'Metro'"
"206","Blakehurst High School","8.5 %","160","831","71","b'Government'","b'Metro'"
"207","St Patrick's College (Campbelltown)","8.4 %","95","534","45","b'Non-government'","b'Metro'"
"208","Gilroy Catholic College","8.4 %","157","940","79","b'Non-government'","b'Metro'"
"209","Xavier Catholic College,Skennars Head,NSW,2478","8.4 %","120","691","58","b'Non-government'","b'Country'"
"210","Belmont Christian College","8.3 %","43","240","20","b'Non-government'","b'Metro'"
"211","Meadowbank Education Trust School","8.3 %","103","531","44","b'\xc2\xa0'","b'\xc2\xa0'"
"212","Christian Brothers High School Lewisham","8.3 %","147","821","68","b'Non-government'","b'Metro'"
"212","Green Valley Islamic College","8.3 %","31","157","13","b'Non-government'","b'Metro'"
"214","Albury High School","8.2 %","126","740","61","b'Government'","b'Country'"
"215","Mary MacKillop Catholic College","8.2 %","121","735","60","b'Non-government'","b'Metro'"
"216","St Charbel's College","8.2 %","87","466","38","b'Non-government'","b'Metro'"
"217","Winmalee High School","8.1 %","125","676","55","b'Government'","b'Metro'"
"218","Coonabarabran High School","8.1 %","49","235","19","b'Government'","b'Country'"
"219","Champagnat Catholic College","8.1 %","67","433","35","b'Non-government'","b'Metro'"
"219","Holy Spirit Catholic College (Lakemba)","8.1 %","132","718","58","b'Non-government'","b'Metro'"
"221","Marian Catholic College (Griffith)","8.0 %","60","336","27","b'Non-government'","b'Country'"
"222","Inverell High School","8.0 %","46","262","21","b'Government'","b'Country'"
"222","Patrician Brothers' College Fairfield","8.0 %","171","972","78","b'Non-government'","b'Metro'"
"224","Bishop Druitt College","8.0 %","75","414","33","b'Non-government'","b'Country'"
"225","Hunter School of Performing Arts","7.9 %","133","749","59","b'Government'","b'Metro'"
"226","Marsden High School","7.9 %","75","382","30","b'Government'","b'Metro'"
"227","Good Samaritan Catholic College","7.8 %","126","741","58","b'Non-government'","b'Metro'"
"228","Fairvale High School","7.8 %","128","806","63","b'Government'","b'Metro'"
"229","Concord High School","7.8 %","120","653","51","b'Government'","b'Metro'"
"230","Ku-ring-gai High School","7.8 %","65","321","25","b'Government'","b'Metro'"
"231","Beverly Hills Girls High School","7.8 %","162","852","66","b'Government'","b'Metro'"
"231","St Stanislaus' College","7.8 %","94","581","45","b'Non-government'","b'Country'"
"233","Northholm Grammar School","7.7 %","40","207","16","b'Non-government'","b'Metro'"
"234","Bishop Tyrrell Anglican College","7.7 %","54","273","21","b'Non-government'","b'Metro'"
"235","Crestwood High School","7.6 %","136","708","54","b'Government'","b'Metro'"
"236","Kirrawee High School","7.6 %","165","887","67","b'Government'","b'Metro'"
"236","Muirfield High School","7.6 %","68","384","29","b'Government'","b'Metro'"
"238","Chevalier College (Bowral)","7.5 %","143","903","68","b'Non-government'","b'Country'"
"239","Mater Dei Catholic College","7.5 %","93","573","43","b'Non-government'","b'Country'"
"240","St Paul's College (Kempsey)","7.5 %","50","308","23","b'Non-government'","b'Country'"
"241","Canterbury Girls High School","7.4 %","89","445","33","b'Government'","b'Metro'"
"242","Lakes Grammar - An Anglican School","7.3 %","52","273","20","b'Non-government'","b'Metro'"
"243","The Illawarra Grammar School","7.2 %","92","500","36","b'Non-government'","b'Metro'"
"244","Blaxland High School","7.2 %","95","516","37","b'Government'","b'Metro'"
"245","Henry Kendall High School","7.1 %","75","394","28","b'Government'","b'Metro'"
"246","St Joseph's High School Aberdeen","7.1 %","71","411","29","b'Non-government'","b'Country'"
"247","St Mark's Catholic College","7.0 %","126","696","49","b'Non-government'","b'Metro'"
"248","Green Point Christian College","7.0 %","70","370","26","b'Non-government'","b'Country'"
"249","Holy Spirit College","7.0 %","146","817","57","b'Non-government'","b'Metro'"
"250","Toongabbie Christian School","6.9 %","64","335","23","b'Non-government'","b'Metro'"
"251","St Paul's Catholic College (Manly)","6.9 %","71","409","28","b'Non-government'","b'Metro'"
"252","St John Paul College","6.8 %","133","760","52","b'Non-government'","b'Country'"
"253","St Joseph's Catholic High School","6.8 %","106","630","43","b'Non-government'","b'Metro'"
"254","Woolooware High School","6.8 %","149","754","51","b'Government'","b'Metro'"
"255","St Bishoy Coptic Orthodox College (Mount Druitt)","6.7 %","19","104","7","b'Non-government'","b'Metro'"
"256","Mount Carmel Catholic College","6.6 %","127","739","49","b'Non-government'","b'Metro'"
"257","Al Amanah College (Liverpool)","6.6 %","24","136","9","b'Non-government'","b'Metro'"
"258","Kooringal High School","6.6 %","79","488","32","b'Govt. selective'","b'Country'"
"259","Prairiewood High School","6.6 %","132","718","47","b'Government'","b'Metro'"
"260","Menai High School","6.5 %","137","749","49","b'Government'","b'Metro'"
"261","Glenwood High School","6.4 %","186","1132","72","b'Government'","b'Metro'"
"262","Aquinas Catholic College","6.3 %","130","800","50","b'Non-government'","b'Metro'"
"263","St Leo's Catholic College","6.2 %","125","729","45","b'Non-government'","b'Metro'"
"263","Woolgoolga High School","6.2 %","53","308","19","b'Government'","b'Country'"
"265","Barrenjoey High School","6.1 %","78","407","25","b'Government'","b'Metro'"
"266","Nowra High School","6.1 %","91","555","34","b'Government'","b'Country'"
"267","Caroline Chisholm College","6.1 %","114","672","41","b'Non-government'","b'Metro'"
"267","Great Lakes College Senior Campus","6.1 %","157","852","52","b'Government'","b'Country'"
"269","La Salle Catholic College (Bankstown)","6.1 %","53","330","20","b'Non-government'","b'Metro'"
"270","Warners Bay High School","6.1 %","154","793","48","b'Government'","b'Country'"
"271","St Paul's Grammar School (Cranebrook)","6.0 %","36","235","14","b'Non-government'","b'Metro'"
"272","Cumberland High School","5.9 %","100","560","33","b'Government'","b'Metro'"
"273","Coffs Harbour Senior College","5.9 %","174","885","52","b'Government'","b'Country'"
"274","Kildare Catholic College","5.9 %","88","530","31","b'Non-government'","b'Country'"
"275","All Saints' College Bathurst","5.8 %","45","241","14","b'Non-government'","b'Country'"
"276","All Saints Grammar (Belmore)","5.7 %","44","245","14","b'Non-government'","b'Metro'"
"276","Bulli High School","5.7 %","93","508","29","b'Government'","b'Country'"
"278","Corpus Christi Catholic High School","5.7 %","117","684","39","b'Non-government'","b'Metro'"
"279","St Andrews College","5.7 %","161","914","52","b'Non-government'","b'Metro'"
"280","Trinity Anglican College (Albury)","5.7 %","49","247","14","b'Non-government'","b'Country'"
"281","Nagle College","5.7 %","111","655","37","b'Non-government'","b'Metro'"
"282","The Jannali High School","5.6 %","84","408","23","b'Government'","b'Metro'"
"283","INTI International College Penang","5.6 %","48","267","15","b'\xc2\xa0'","b'\xc2\xa0'"
"284","St Mary's College (Gunnedah)","5.6 %","43","251","14","b'Non-government'","b'Country'"
"285","Dulwich High School of Visual Arts and Design","5.6 %","64","306","17","b'Government'","b'Metro'"
"286","Maitland Christian School","5.5 %","30","145","8","b'Non-government'","b'Metro'"
"287","William Carey Christian School","5.5 %","80","456","25","b'Non-government'","b'Metro'"
"288","Shellharbour Anglican College","5.4 %","46","259","14","b'Non-government'","b'Metro'"
"289","Camden Haven High School","5.4 %","55","355","19","b'Government'","b'Country'"
"289","Hennessy Catholic College","5.4 %","72","449","24","b'Non-government'","b'Country'"
"291","Xavier College (Llandilo)","5.3 %","110","602","32","b'Non-government'","b'Metro'"
"292","Australian Islamic College of Sydney","5.3 %","55","284","15","b'Non-government'","b'Metro'"
"293","Broughton Anglican College","5.2 %","73","402","21","b'Government'","b'Metro'"
"293","St Francis Xavier's College","5.2 %","380","2166","113","b'Non-government'","b'Metro'"
"295","Maitland Grossmann High School","5.2 %","139","768","40","b'Government'","b'Metro'"
"296","Armidale High School","5.2 %","67","366","19","b'Govt. selective'","b'Country'"
"297","Bede Polding College","5.2 %","104","618","32","b'Non-government'","b'Metro'"
"298","Bossley Park High School","5.2 %","185","1063","55","b'Government'","b'Metro'"
"298","Picnic Point High School","5.2 %","104","561","29","b'Government'","b'Metro'"
"300","Kellyville High School","5.2 %","126","680","35","b'Government'","b'Metro'"
"301","Byron Bay High School","5.1 %","91","486","25","b'Government'","b'Country'"
"302","Wollondilly Anglican College","5.1 %","46","234","12","b'Non-government'","b'Metro'"
"303","St Joseph's College (Banora Pt)","5.1 %","82","510","26","b'Non-government'","b'Metro'"
"304","St Gregory's College Campbelltown","5.1 %","113","669","34","b'Non-government'","b'Metro'"
"305","Randwick Girls High School","5.1 %","130","712","36","b'Government'","b'Metro'"
"306","Kogarah High School","5.0 %","132","717","36","b'Government'","b'Metro'"
"307","Willyama High School","5.0 %","28","181","9","b'Government'","b'Country'"
"308","Cecil Hills High School","5.0 %","159","849","42","b'Government'","b'Metro'"
"309","Georges River College Oatley Senior Campus","4.9 %","371","1925","95","b'Government'","b'Metro'"
"310","Westfields Sports High School","4.9 %","191","997","49","b'Government'","b'Metro'"
"311","Rouse Hill Anglican College","4.9 %","90","473","23","b'Non-government'","b'Metro'"
"312","Corowa High School","4.8 %","45","292","14","b'Government'","b'Country'"
"313","Narooma High School","4.7 %","43","232","11","b'Government'","b'Country'"
"313","St Paul's Catholic College (Greystanes)","4.7 %","99","633","30","b'Non-government'","b'Metro'"
"315","Cabramatta High School","4.6 %","192","1040","48","b'Government'","b'Metro'"
"316","Elderslie High School","4.6 %","89","499","23","b'Government'","b'Metro'"
"317","Lindisfarne Anglican Grammar School","4.6 %","91","503","23","b'Non-government'","b'Metro'"
"318","All Saints Catholic Senior College","4.6 %","190","1097","50","b'Non-government'","b'Metro'"
"319","Kingsgrove High School","4.5 %","107","597","27","b'Government'","b'Metro'"
"320","Carinya Christian School Tamworth","4.5 %","47","222","10","b'Non-government'","b'Country'"
"321","Blacktown Girls High School","4.5 %","75","382","17","b'Govt. selective'","b'Metro'"
"321","Wagga Wagga High School","4.5 %","108","539","24","b'Government'","b'Country'"
"323","Magdalene Catholic High School","4.4 %","120","704","31","b'Non-government'","b'Metro'"
"324","Erina High School","4.4 %","61","387","17","b'Government'","b'Country'"
"325","St Mary's Catholic College","4.4 %","35","229","10","b'Non-government'","b'\xc2\xa0'"
"326","Avondale School","4.3 %","78","392","17","b'Non-government'","b'Metro'"
"327","Coffs Harbour Christian Community School","4.3 %","50","254","11","b'\xc2\xa0'","b'\xc2\xa0'"
"327","Kincumber High School","4.3 %","92","508","22","b'Government'","b'Country'"
"329","Blacktown Boys High School","4.3 %","43","209","9","b'Government'","b'Metro'"
"330","Mackillop Catholic College (Warnervale)","4.3 %","123","770","33","b'Non-government'","b'Metro'"
"331","St Peter's Catholic College","4.3 %","131","773","33","b'Non-government'","b'Metro'"
"332","Glen Innes High School","4.3 %","35","235","10","b'Government'","b'Country'"
"332","Sydney Distance Education High School","4.3 %","64","611","26","b'Government'","b'Metro'"
"334","Central Coast Adventist School","4.2 %","49","285","12","b'Non-government'","b'Metro'"
"335","St John Paul II Catholic College (Schofields)","4.2 %","140","814","34","b'Non-government'","b'Metro'"
"336","Kotara High School","4.2 %","121","672","28","b'Government'","b'Metro'"
"337","Northmead Creative and Performing Arts High School","4.1 %","122","640","26","b'Government'","b'Metro'"
"338","Narara Valley High School","4.1 %","106","592","24","b'Government'","b'Country'"
"339","Kiama High School","4.0 %","151","744","30","b'Government'","b'Country'"
"340","Rouse Hill High School","4.0 %","106","548","22","b'Government'","b'Metro'"
"341","Keira High School","4.0 %","96","551","22","b'Government'","b'Metro'"
"342","Casimir Catholic College","4.0 %","85","478","19","b'Non-government'","b'\xc2\xa0'"
"342","Holy Cross College (Ryde)","4.0 %","48","277","11","b'Non-government'","b'Metro'"
"344","The Riverina Anglican College","4.0 %","86","480","19","b'Non-government'","b'Country'"
"345","Nowra Anglican College","3.9 %","64","355","14","b'Non-government'","b'Country'"
"346","Tyndale Christian School","3.9 %","51","280","11","b'Non-government'","b'Metro'"
"347","Bankstown Senior College","3.9 %","55","255","10","b'Government'","b'Metro'"
"347","Moruya High School","3.9 %","47","255","10","b'Government'","b'Country'"
"349","Bellingen High School","3.9 %","51","282","11","b'Government'","b'Country'"
"350","St Johns Park High School","3.9 %","129","695","27","b'Government'","b'Metro'"
"351","St Paul's High School","3.9 %","80","467","18","b'Non-government'","b'Metro'"
"352","All Saints College (Maitland)","3.8 %","238","1416","54","b'Non-government'","b'Metro'"
"353","Moorefield Girls High School","3.8 %","49","292","11","b'Government'","b'Metro'"
"354","John Therry Catholic High School","3.8 %","98","558","21","b'Non-government'","b'Metro'"
"355","Arthur Phillip High School","3.7 %","184","947","35","b'Government'","b'Metro'"
"356","OTEN - Open Training and Education Network","3.7 %","70","379","14","b'\xc2\xa0'","b'\xc2\xa0'"
"357","Richard Johnson Anglican School","3.7 %","64","353","13","b'Non-government'","b'Metro'"
"358","Kingsgrove North High School","3.7 %","91","490","18","b'Government'","b'Metro'"
"359","Lumen Christi Catholic College","3.7 %","72","437","16","b'Non-government'","b'Country'"
"359","St Paul's College (Walla Walla)","3.7 %","34","191","7","b'Non-government'","b'Country'"
"361","Greystanes High School","3.6 %","90","555","20","b'Government'","b'Metro'"
"361","The Armidale School","3.6 %","73","417","15","b'Non-government'","b'Country'"
"363","Kingscliff High School","3.5 %","112","624","22","b'Government'","b'Country'"
"363","Orange High School","3.5 %","87","481","17","b'Government'","b'Country'"
"365","Birrong Girls High School","3.5 %","103","542","19","b'Government'","b'Metro'"
"366","Kyogle High School","3.5 %","41","230","8","b'Government'","b'Country'"
"367","Charlton Christian College","3.5 %","40","260","9","b'Non-government'","b'Metro'"
"367","Scone High School","3.5 %","39","231","8","b'Government'","b'Country'"
"369","Camden High School","3.4 %","97","524","18","b'Government'","b'Metro'"
"370","Dubbo Christian School","3.4 %","35","175","6","b'Non-government'","b'Country'"
"371","Liverpool Girls High School","3.4 %","170","876","30","b'Government'","b'Metro'"
"372","Xavier High School","3.4 %","99","587","20","b'Non-government'","b'Country'"
"373","St John The Evangelist Catholic High School","3.4 %","105","590","20","b'Non-government'","b'Country'"
"374","Leeton High School","3.4 %","27","179","6","b'Government'","b'Country'"
"374","South Grafton High School","3.4 %","77","418","14","b'Government'","b'Country'"
"376","Scone Grammar School","3.3 %","29","150","5","b'Non-government'","b'Country'"
"377","Gymea Technology High School","3.3 %","72","392","13","b'Government'","b'Metro'"
"377","Moss Vale High School","3.3 %","39","211","7","b'Government'","b'Country'"
"379","Alstonville High School","3.3 %","112","605","20","b'Government'","b'Country'"
"380","Crookwell High School","3.2 %","33","155","5","b'Government'","b'Country'"
"380","Homebush Boys High School","3.2 %","187","960","31","b'Government'","b'Metro'"
"382","South Sydney High School","3.2 %","60","342","11","b'Government'","b'Metro'"
"383","The Forest High School","3.2 %","126","593","19","b'Government'","b'Metro'"
"384","Gorokan High School","3.2 %","83","407","13","b'Govt. selective'","b'Country'"
"385","Coffs Harbour High School","3.2 %","48","284","9","b'Government'","b'Country'"
"386","Kariong Mountains High School","3.2 %","56","317","10","b'Government'","b'Metro'"
"387","Terrigal High School","3.1 %","118","645","20","b'Government'","b'Country'"
"388","Lisarow High School","3.1 %","92","518","16","b'Government'","b'Country'"
"389","Bowral High School","3.0 %","70","399","12","b'Government'","b'Country'"
"389","Patrician Brothers' College Blacktown","3.0 %","125","763","23","b'Non-government'","b'Metro'"
"389","Springwood High School","3.0 %","86","465","14","b'Government'","b'Metro'"
"392","Griffith High School","3.0 %","33","200","6","b'Government'","b'Metro'"
"392","John Edmondson High School","3.0 %","145","834","25","b'Government'","b'Metro'"
"394","Mulwaree High School","3.0 %","67","368","11","b'Government'","b'Country'"
"395","Erskine Park High School","3.0 %","58","370","11","b'Government'","b'Metro'"
"396","Colo High School","3.0 %","98","507","15","b'Government'","b'Metro'"
"397","Duval High School","2.9 %","47","272","8","b'Government'","b'Country'"
"397","Maclean High School","2.9 %","100","511","15","b'Government'","b'Country'"
"399","Wyong Christian Community School","2.9 %","28","172","5","b'Non-government'","b'Country'"
"400","Loyola Senior High School","2.9 %","150","805","23","b'Non-government'","b'Metro'"
"401","J J Cahill Memorial High School","2.8 %","28","177","5","b'Government'","b'Metro'"
"402","East Hills Boys High School","2.8 %","107","572","16","b'Government'","b'Metro'"
"402","Elizabeth Macarthur High School","2.8 %","80","465","13","b'Government'","b'Metro'"
"404","Regents Park Christian School","2.8 %","76","395","11","b'Non-government'","b'Metro'"
"405","Wauchope High School","2.8 %","38","253","7","b'Government'","b'Country'"
"406","St Edward's Christian Brothers' College","2.8 %","125","691","19","b'Non-government'","b'Metro'"
"407","Cowra High School","2.7 %","50","261","7","b'Government'","b'Country'"
"408","Parkes High School","2.7 %","62","338","9","b'Government'","b'Country'"
"409","Trinity Catholic College Goulburn","2.7 %","60","340","9","b'Non-government'","b'Country'"
"410","Heathcote High School","2.6 %","72","419","11","b'Government'","b'Metro'"
"411","Cedars Christian College","2.6 %","38","191","5","b'Non-government'","b'Metro'"
"411","Dungog High School","2.6 %","44","229","6","b'Government'","b'Country'"
"413","Lithgow High School","2.6 %","81","459","12","b'Government'","b'Country'"
"414","Mitchell High School","2.6 %","111","621","16","b'Government'","b'Metro'"
"415","McCarthy Catholic College","2.6 %","120","702","18","b'Non-government'","b'Metro'"
"416","Brisbane Water Secondary College Woy Woy Campus","2.5 %","138","673","17","b'Government'","b'Country'"
"417","Whitebridge High School","2.5 %","95","525","13","b'Government'","b'Country'"
"418","Tomaree High School","2.5 %","108","607","15","b'Government'","b'Metro'"
"419","Forbes High School","2.5 %","28","163","4","b'Government'","b'Country'"
"419","Woonona High School","2.5 %","52","286","7","b'Government'","b'Country'"
"421","Mount View High School","2.4 %","59","328","8","b'Government'","b'Metro'"
"421","Taree High School","2.4 %","95","533","13","b'Government'","b'Country'"
"423","Narrabeen Sports High School","2.4 %","41","207","5","b'Government'","b'Metro'"
"424","Southern Cross School","2.4 %","38","250","6","b'Government'","b'Country'"
"425","Mount Annan Christian College","2.4 %","41","209","5","b'Non-government'","b'Metro'"
"426","James Fallon High School","2.4 %","62","380","9","b'Government'","b'Country'"
"427","Tumut High School","2.3 %","50","347","8","b'Government'","b'Country'"
"428","Chester Hill High School","2.3 %","135","742","17","b'Government'","b'Metro'"
"428","Narrandera High School","2.3 %","32","175","4","b'Government'","b'Country'"
"430","Belmont High School","2.3 %","65","351","8","b'Government'","b'Country'"
"431","Wycliffe Christian School","2.3 %","33","177","4","b'Non-government'","b'Metro'"
"432","Yanco Agricultural High School","2.3 %","51","311","7","b'Govt. selective'","b'Country'"
"433","Canterbury Boys High School","2.2 %","93","401","9","b'Government'","b'Metro'"
"433","Emmaus Catholic College","2.2 %","107","580","13","b'Non-government'","b'Metro'"
"435","Jamison High School","2.2 %","75","449","10","b'Government'","b'Metro'"
"436","Sylvania High School","2.2 %","63","362","8","b'Government'","b'Metro'"
"437","Oxley High School","2.2 %","78","413","9","b'Government'","b'Country'"
"437","Wyong High School","2.2 %","45","275","6","b'Government'","b'Country'"
"439","Wollumbin High School","2.2 %","32","186","4","b'Government'","b'Country'"
"440","Condell Park High School","2.1 %","47","281","6","b'Government'","b'Metro'"
"441","Wyndham College","2.1 %","219","1194","25","b'Government'","b'Metro'"
"442","Billabong High School","2.1 %","29","193","4","b'Government'","b'Country'"
"443","St Narsai Assyrian Christian College","2.1 %","60","341","7","b'Non-government'","b'Metro'"
"444","Murray High School","2.0 %","72","392","8","b'Government'","b'Country'"
"444","Randwick Boys High School","2.0 %","100","490","10","b'Government'","b'Metro'"
"444","Young High School","2.0 %","46","245","5","b'Government'","b'Country'"
"447","Denison College of Secondary Education Bathurst High Campus","2.0 %","71","400","8","b'Government'","b'Country'"
"448","Warilla High School","2.0 %","97","552","11","b'Government'","b'Metro'"
"449","Wade High School","2.0 %","79","406","8","b'Government'","b'Country'"
"450","Carroll College","1.9 %","53","310","6","b'Non-government'","b'Country'"
"451","Dubbo College Senior Campus","1.9 %","176","837","16","b'Government'","b'Country'"
"451","Gloucester High School","1.9 %","24","157","3","b'Government'","b'Country'"
"453","Macintyre High School","1.9 %","34","213","4","b'Government'","b'Metro'"
"454","Warrawong High School","1.8 %","33","217","4","b'Government'","b'Country'"
"455","Broken Hill High School","1.8 %","36","223","4","b'Government'","b'Country'"
"456","Nambucca Heads High School","1.8 %","35","169","3","b'Government'","b'Country'"
"457","Dapto High School","1.8 %","83","512","9","b'Government'","b'Country'"
"458","Sydney Institute - Randwick College","1.8 %","44","285","5","b'\xc2\xa0'","b'\xc2\xa0'"
"459","Albion Park High School","1.7 %","62","345","6","b'Government'","b'Country'"
"460","Farrer Memorial Agricultural High School","1.7 %","56","346","6","b'Government'","b'Country'"
"460","Lake Illawarra High School","1.7 %","58","346","6","b'Government'","b'Country'"
"460","Murwillumbah High School","1.7 %","52","289","5","b'Government'","b'Country'"
"463","Leumeah High School","1.7 %","74","408","7","b'Government'","b'Metro'"
"463","Moree Secondary College Albert St Campus","1.7 %","47","233","4","b'Government'","b'Country'"
"465","Picton High School","1.7 %","79","473","8","b'Government'","b'Country'"
"466","Lucas Heights Community School","1.7 %","55","297","5","b'Government'","b'Country'"
"467","Nepean Creative and Performing Arts High School","1.7 %","82","483","8","b'Government'","b'Metro'"
"468","James Cook Boys High School","1.6 %","35","183","3","b'Government'","b'Metro'"
"469","Richmond High School","1.6 %","54","306","5","b'Government'","b'Metro'"
"470","Peel High School","1.6 %","40","185","3","b'Government'","b'Country'"
"471","Karabar High School","1.6 %","95","575","9","b'Government'","b'Metro'"
"471","Singleton High School","1.6 %","121","638","10","b'Government'","b'Country'"
"473","Hunter River High School","1.5 %","43","259","4","b'Government'","b'Metro'"
"474","Melville High School","1.5 %","77","395","6","b'Government'","b'Country'"
"475","Macksville High School","1.5 %","41","269","4","b'Government'","b'Country'"
"475","Mudgee High School","1.5 %","89","470","7","b'Government'","b'Country'"
"475","Wiley Park Girls High School","1.5 %","46","403","6","b'Government'","b'Metro'"
"478","Toronto High School","1.5 %","67","406","6","b'Government'","b'Country'"
"479","Katoomba High School","1.5 %","47","273","4","b'Government'","b'Metro'"
"480","Northern Sydney Institute - North Sydney College","1.5 %","33","206","3","b'\xc2\xa0'","b'Metro'"
"481","Casino High School","1.5 %","52","275","4","b'Government'","b'Country'"
"481","Penrith Christian School","1.5 %","40","207","3","b'Non-government'","b'Metro'"
"483","Orara High School","1.4 %","41","212","3","b'Government'","b'Country'"
"484","La Salle Academy","1.4 %","40","213","3","b'Non-government'","b'Country'"
"485","Plumpton High School","1.4 %","81","434","6","b'Government'","b'Metro'"
"486","Glenmore Park High School","1.4 %","64","364","5","b'Government'","b'Metro'"
"486","Muswellbrook High School","1.4 %","61","293","4","b'Government'","b'Country'"
"486","Narrabri High School","1.4 %","53","293","4","b'Government'","b'Country'"
"489","Mount Annan High School","1.4 %","52","296","4","b'Government'","b'Metro'"
"490","Richmond River High School","1.3 %","72","447","6","b'Government'","b'Country'"
"491","Cardiff High School","1.3 %","46","304","4","b'Government'","b'Country'"
"491","Goulburn High School","1.3 %","46","227","3","b'Government'","b'Country'"
"493","Temora High School","1.3 %","48","305","4","b'Government'","b'Country'"
"494","Bankstown Girls High School","1.3 %","76","386","5","b'Government'","b'Metro'"
"495","Bomaderry High School","1.3 %","63","310","4","b'Government'","b'Country'"
"495","Irrawang High School","1.3 %","37","233","3","b'Government'","b'Metro'"
"495","Morisset High School","1.3 %","47","309","4","b'Government'","b'Country'"
"498","Karabar High School Distance Education Centre","1.3 %","35","314","4","b'Government'","b'Metro'"
"499","St Dominic's College","1.3 %","105","638","8","b'Non-government'","b'Metro'"
"500","Bega High School","1.2 %","71","407","5","b'Government'","b'Country'"
"501","Cootamundra High School","1.2 %","27","165","2","b'Government'","b'Country'"
"502","Delany College","1.2 %","42","250","3","b'Non-government'","b'Metro'"
"503","Ashfield Boys High School","1.2 %","100","513","6","b'Government'","b'Metro'"
"504","Rooty Hill High School","1.1 %","109","527","6","b'Government'","b'Metro'"
"505","Mullumbimby High School","1.1 %","64","353","4","b'Government'","b'Country'"
"506","Dubbo School of Distance Education","1.1 %","23","364","4","b'Government'","b'Country'"
"507","Strathfield South High School","1.1 %","115","550","6","b'Government'","b'Metro'"
"508","Callaghan College Jesmond Campus","1.1 %","150","941","10","b'Government'","b'Country'"
"508","Doonside High School","1.1 %","57","377","4","b'Government'","b'Metro'"
"508","Glendale High School","1.1 %","66","376","4","b'Government'","b'Metro'"
"508","Mountain View Adventist College","1.1 %","31","189","2","b'Non-government'","b'Metro'"
"508","Tuggerah Lakes Secondary College The Entrance Campus","1.1 %","226","1231","13","b'Government'","b'Metro'"
"513","Holroyd High School","1.1 %","69","381","4","b'Government'","b'Metro'"
"514","Ulladulla High School","1.0 %","111","583","6","b'Government'","b'Country'"
"515","Batemans Bay High School","1.0 %","56","295","3","b'Government'","b'Country'"
"516","The Rivers Secondary College,Kadina High school Campus","1.0 %","32","199","2","b'Government'","b'Country'"
"517","Hoxton Park High School","1.0 %","74","406","4","b'Government'","b'Metro'"
"518","Ashcroft High School","1.0 %","45","205","2","b'Government'","b'Metro'"
"518","Denison College of Secondary Education Kelso High Campus","1.0 %","57","307","3","b'Government'","b'Country'"
"520","Vincentia High School","1.0 %","75","412","4","b'Government'","b'Country'"
"521","Newcastle High School","1.0 %","75","422","4","b'Government'","b'Metro'"
"522","Yass High School","0.9 %","46","219","2","b'Government'","b'Country'"
"523","Tweed River High School","0.9 %","82","462","4","b'Government'","b'Metro'"
"524","Bradfield College","0.9 %","83","473","4","b'Government'","b'Metro'"
"524","Queanbeyan High School","0.9 %","29","234","2","b'Government'","b'Country'"
"524","Swansea High School","0.9 %","42","236","2","b'Government'","b'Metro'"
"527","Auburn Girls High School","0.8 %","87","484","4","b'Govt. selective'","b'Metro'"
"527","Banora Point High School","0.8 %","41","242","2","b'Government'","b'Country'"
"529","Sir Joseph Banks High School","0.8 %","35","254","2","b'Government'","b'Metro'"
"530","Campbelltown Performing Arts High School","0.8 %","81","528","4","b'Government'","b'Metro'"
"531","Monaro High School","0.7 %","37","269","2","b'Government'","b'Country'"
"532","Figtree High School","0.7 %","124","681","5","b'Government'","b'Country'"
"533","Liverpool Boys High School","0.7 %","78","417","3","b'Government'","b'Metro'"
"533","Merrylands High School","0.7 %","70","416","3","b'Government'","b'Metro'"
"535","Ambarvale High School","0.7 %","43","286","2","b'Government'","b'Metro'"
"536","Grafton High School","0.7 %","79","453","3","b'Govt. selective'","b'Country'"
"537","Canowindra High School","0.7 %","23","153","1","b'Government'","b'Country'"
"537","Evans River Community School","0.7 %","17","154","1","b'Government'","b'Country'"
"539","Rutherford High School","0.6 %","48","324","2","b'Government'","b'Country'"
"540","Kempsey High School","0.6 %","34","163","1","b'Government'","b'Country'"
"540","Wadalba Community School","0.6 %","85","491","3","b'Government'","b'Country'"
"542","Belmore Boys High School","0.6 %","32","167","1","b'Government'","b'Metro'"
"543","Illawarra Sports High School","0.6 %","62","347","2","b'Government'","b'Metro'"
"543","Wingham High School","0.6 %","59","346","2","b'Government'","b'Country'"
"545","Mount Austin High School","0.6 %","18","176","1","b'Government'","b'Country'"
"546","Casula High School","0.5 %","111","551","3","b'Government'","b'Metro'"
"546","Oak Flats High School","0.5 %","54","368","2","b'Government'","b'Country'"
"548","Hunter Sports High School","0.5 %","38","194","1","b'Government'","b'Metro'"
"549","Fairfield High School","0.5 %","75","448","2","b'Government'","b'Metro'"
"550","Eden Marine High School","0.4 %","42","232","1","b'Government'","b'Country'"
"550","Kingswood High School","0.4 %","33","232","1","b'Government'","b'Metro'"
"552","Birrong Boys High School","0.4 %","44","237","1","b'Government'","b'Metro'"
"553","Deniliquin High School","0.4 %","39","243","1","b'Government'","b'Country'"
"553","The Hills Sports High School","0.4 %","93","490","2","b'Government'","b'Metro'"
"555","Canobolas Rural Technology High School","0.4 %","41","251","1","b'Government'","b'Country'"
"555","Cessnock High School","0.4 %","46","250","1","b'Government'","b'Country'"
"555","Chatham High School","0.4 %","44","247","1","b'Government'","b'Country'"
"555","Kurri Kurri High School","0.4 %","32","253","1","b'Government'","b'Country'"
"559","Thomas Reddall High School","0.4 %","58","285","1","b'Government'","b'Metro'"
"560","De La Salle College,Ashfield,NSW,2131","0.3 %","49","307","1","b'Non-government'","b'Metro'"
"561","Cranebrook High School","0.3 %","57","325","1","b'Government'","b'Metro'"
"562","Lake Munmorah High School","0.3 %","53","337","1","b'Government'","b'Country'"
"563","Ingleburn High School","0.3 %","67","376","1","b'Government'","b'Metro'"
"564","Endeavour Sports High School","0.2 %","79","421","1","b'Government'","b'Metro'"
"564","Northlakes High School","0.2 %","78","419","1","b'Government'","b'Metro'"
"566","Holsworthy High School","0.2 %","88","456","1","b'Government'","b'Metro'"
